City_ID,City,Country,Lat,Lng,Max Temp,Humidity,Cloudiness,Wind Speed,Current Description
0,Ushuaia,AR,-54.8,-68.3,46.06,71,0,6.91,clear sky
1,Esperance,AU,-33.8667,121.9,73.24,44,100,15.21,overcast clouds
2,Butaritari,KI,3.0707,172.7902,81.81,76,1,11.54,light rain
3,Rikitea,PF,-23.1203,-134.9692,73.08,78,100,17.69,overcast clouds
4,Hobart,AU,-42.8794,147.3294,63.01,57,75,3.0,broken clouds
5,Norman Wells,CA,65.282,-126.8329,23.04,93,75,0.0,broken clouds
6,Port Alfred,ZA,-33.5906,26.891,66.06,81,100,15.08,overcast clouds
7,Georgetown,MY,5.4112,100.3354,79.9,89,20,3.0,few clouds
8,Maceio,BR,-9.6658,-35.7353,76.44,94,20,5.75,few clouds
9,Vaini,TO,-21.2,-175.2,82.56,78,75,10.36,broken clouds
10,Husavik,IS,66.0449,-17.3389,33.71,99,100,19.95,moderate rain
11,Tasiilaq,GL,65.6145,-37.6368,24.96,58,9,8.23,clear sky
12,Cape Town,ZA,-33.9258,18.4232,64.09,71,40,1.01,light rain
13,Veere,NL,51.5483,3.6667,52.95,88,28,13.0,scattered clouds
14,Balaipungut,ID,1.05,101.2833,73.81,93,100,2.01,light rain
15,Tuktoyaktuk,CA,69.4541,-133.0374,30.2,74,75,14.97,broken clouds
16,Iqaluit,CA,63.7506,-68.5145,29.93,86,90,8.99,overcast clouds
17,Busselton,AU,-33.65,115.3333,59.04,62,94,18.41,overcast clouds
18,Nanma,CN,36.1817,118.1583,53.13,67,0,10.04,clear sky
19,Valdivia,CL,-39.8142,-73.2459,57.29,94,0,3.09,clear sky
20,Cherskiy,RU,68.75,161.3,-0.06,97,100,5.79,overcast clouds
21,Mataura,NZ,-46.1927,168.8643,61.63,49,100,10.96,overcast clouds
22,Sao Miguel,BR,-5.4667,-35.3667,81.37,77,40,15.52,scattered clouds
23,Codrington,AU,-38.2667,141.9667,63.59,61,1,3.56,clear sky
24,East London,ZA,-33.0153,27.9116,64.98,83,100,13.78,overcast clouds
25,Avera,US,33.194,-82.5271,60.67,75,0,6.96,clear sky
26,Chokurdakh,RU,70.6333,147.9167,-10.77,100,87,6.6,overcast clouds
27,Kiruna,SE,67.8557,20.2251,29.32,100,90,0.0,fog
28,Avarua,CK,-21.2078,-159.775,77.05,69,40,14.97,scattered clouds
29,Ribeira Grande,PT,38.5167,-28.7,71.2,88,100,7.38,overcast clouds
30,Brae,GB,60.3964,-1.353,49.91,88,100,17.52,overcast clouds
31,Tongliao,CN,43.6125,122.2653,36.41,23,0,5.55,clear sky
32,Pevek,RU,69.7008,170.3133,1.81,94,100,6.2,light snow
33,Margate,GB,51.3813,1.3862,51.91,76,100,4.0,overcast clouds
34,San Quintin,MX,30.4833,-115.95,63.36,81,0,8.84,clear sky
35,Hervey Bay,AU,-25.2986,152.8535,77.11,60,100,16.75,overcast clouds
36,Fuling,CN,29.7022,107.3919,59.16,93,100,1.95,overcast clouds
37,Gombong,ID,-7.6072,109.5142,80.83,82,97,2.66,overcast clouds
38,Dikson,RU,73.5069,80.5464,5.72,94,97,11.14,overcast clouds
39,Tilichiki,RU,60.4667,166.1,-2.13,90,7,11.77,clear sky
40,Yerbogachen,RU,61.2767,108.0108,18.77,85,100,3.87,overcast clouds
41,Kapaa,US,22.0752,-159.319,82.38,77,1,3.0,light rain
42,Bethel,US,41.3712,-73.414,57.51,86,75,1.01,broken clouds
43,Naustdal,NO,61.509,5.7168,50.86,84,100,7.0,light rain
44,Punta Arenas,CL,-53.15,-70.9167,51.91,50,0,16.11,clear sky
45,Yellowknife,CA,62.456,-114.3525,32.56,96,75,13.8,broken clouds
46,Ternate,ID,0.8,127.4,83.44,72,96,1.19,overcast clouds
47,The Pas,CA,53.8251,-101.2541,35.62,87,90,12.66,overcast clouds
48,Hami,CN,42.8,93.45,48.6,49,100,2.08,overcast clouds
49,Carutapera,BR,-1.195,-46.02,77.63,88,88,6.8,overcast clouds
50,Mahon,ES,39.8885,4.2658,70.36,94,0,11.5,clear sky
51,Hilo,US,19.7297,-155.09,82.13,72,40,8.05,scattered clouds
52,Muros,ES,42.7762,-9.0603,58.15,93,58,11.59,broken clouds
53,Abapo,BO,-18.8333,-63.4667,72.45,66,88,2.82,overcast clouds
54,Katsuura,JP,35.1333,140.3,66.18,83,100,6.42,overcast clouds
55,Berbera,SO,10.4396,45.0143,82.04,69,27,13.51,scattered clouds
56,Kenai,US,60.5544,-151.2583,42.85,86,90,12.66,light rain
57,Chapais,CA,49.7834,-74.8492,40.78,99,100,1.77,overcast clouds
58,Jamestown,US,42.097,-79.2353,52.52,85,75,10.0,broken clouds
59,Arlit,NE,18.7369,7.3853,80.62,21,41,8.68,scattered clouds
60,Port Elizabeth,ZA,-33.918,25.5701,64.09,94,75,14.97,mist
61,Segbwema,SL,7.9967,-10.9496,69.69,99,95,0.49,overcast clouds
62,New Norfolk,AU,-42.7826,147.0587,62.65,50,100,1.99,overcast clouds
63,Carnarvon,AU,-24.8667,113.6333,69.87,56,40,18.41,scattered clouds
64,Hamilton,US,39.1834,-84.5333,58.75,75,90,1.99,overcast clouds
65,Maniitsoq,GL,65.4167,-52.9,35.17,99,95,11.01,light rain
66,Bluff,NZ,-46.6,168.3333,54.3,75,100,29.24,overcast clouds
67,Abu Samrah,SY,35.3029,37.1841,65.57,59,3,8.37,clear sky
68,Barguzin,RU,53.6167,109.6167,27.45,75,31,7.25,scattered clouds
69,Mar Del Plata,AR,-38.0023,-57.5575,55.09,90,90,1.99,overcast clouds
70,Dutse,NG,11.7594,9.3392,74.41,24,100,2.13,overcast clouds
71,Yilan,TW,24.757,121.753,77.11,89,100,0.96,overcast clouds
72,Moose Factory,CA,51.2585,-80.6094,39.2,100,90,6.91,overcast clouds
73,Victoria,HK,22.2855,114.1577,77.38,82,37,1.99,scattered clouds
74,Roald,NO,62.5833,6.1333,50.32,71,75,5.75,broken clouds
75,Coelho Neto,BR,-4.2567,-43.0128,73.6,94,90,2.95,overcast clouds
76,Asau,RO,46.4333,26.4,43.72,95,0,4.0,clear sky
77,Luderitz,NA,-26.6481,15.1594,61.61,69,100,7.49,overcast clouds
78,Hermanus,ZA,-34.4187,19.2345,61.9,81,100,10.8,overcast clouds
79,Port Macquarie,AU,-31.4333,152.9167,71.56,52,98,9.35,overcast clouds
80,Diamantino,BR,-14.4086,-56.4461,73.67,93,100,1.41,overcast clouds
81,Geraldton,AU,-28.7667,114.6,66.61,59,75,18.41,broken clouds
82,Nanortalik,GL,60.1432,-45.2371,33.85,68,92,9.78,overcast clouds
83,Ixtapa,MX,20.7,-105.2,75.6,90,3,0.83,clear sky
84,Gazanjyk,TM,39.2446,55.5154,52.93,59,6,14.29,clear sky
85,Grindavik,IS,63.8424,-22.4338,37.35,80,75,24.16,broken clouds
86,Alta Floresta,BR,-9.8756,-56.0861,70.48,99,98,4.34,overcast clouds
87,Saint-Augustin,CA,51.226,-58.6502,44.06,65,100,8.77,overcast clouds
88,Puerto Ayora,EC,-0.7393,-90.3518,69.6,90,44,7.31,scattered clouds
89,Shunyi,CN,40.125,116.6453,48.15,71,0,2.24,clear sky
90,Mount Isa,AU,-20.7333,139.5,89.37,33,9,14.97,clear sky
91,Slavgorodskoye,RU,53.0214,78.6435,27.3,76,100,10.33,overcast clouds
92,Hofn,IS,64.2539,-15.2082,39.6,60,99,26.42,overcast clouds
93,Ponta Do Sol,PT,32.6667,-17.1,73.0,76,60,3.13,broken clouds
94,Mercedes,AR,-34.6515,-59.4307,63.84,77,100,12.33,light rain
95,Berlevag,NO,70.8578,29.0864,34.65,79,100,18.12,overcast clouds
96,Arraial Do Cabo,BR,-22.9661,-42.0278,70.05,94,100,21.59,overcast clouds
97,Tiznit,MA,29.5833,-9.5,63.3,40,0,1.32,clear sky
98,Souillac,MU,-20.5167,57.5167,70.36,88,40,5.75,scattered clouds
99,Thompson,CA,55.7435,-97.8558,28.56,93,75,4.61,light shower snow
100,Nikolskoye,RU,59.7035,30.7861,48.02,88,98,6.8,overcast clouds
101,Nouadhibou,MR,20.931,-17.0347,66.18,94,100,11.5,overcast clouds
102,Batticaloa,LK,7.7102,81.6924,79.9,86,44,7.9,scattered clouds
103,Naze,JP,28.3667,129.4833,67.12,75,17,15.41,few clouds
104,Pemangkat,ID,1.1667,108.9667,81.45,80,94,4.85,overcast clouds
105,Apatin,RS,45.6711,18.9847,44.08,80,0,7.16,clear sky
106,Shakiso,ET,5.75,38.9167,53.64,86,8,4.25,clear sky
107,Walvis Bay,NA,-22.9575,14.5053,61.09,87,0,3.44,clear sky
108,Gigmoto,PH,13.7796,124.39,83.41,68,23,11.74,few clouds
109,Saskylakh,RU,71.9167,114.0833,4.59,97,99,6.82,overcast clouds
110,Salihorsk,BY,52.7876,27.5415,38.62,72,0,7.94,clear sky
111,Ocos,GT,14.5094,-92.1933,81.32,77,99,2.71,overcast clouds
112,Bredasdorp,ZA,-34.5322,20.0403,61.92,72,100,5.75,overcast clouds
113,Yulara,AU,-25.2406,130.9889,75.04,60,0,8.05,clear sky
114,Upernavik,GL,72.7868,-56.1549,29.25,77,100,13.38,overcast clouds
115,Provideniya,RU,64.3833,-173.3,19.51,58,0,15.66,clear sky
116,Jasdan,IN,22.0333,71.2,63.68,33,5,7.25,clear sky
117,Albany,US,42.6001,-73.9662,55.74,80,100,10.38,overcast clouds
118,Bathsheba,BB,13.2167,-59.5167,77.61,83,75,16.11,broken clouds
119,Lebu,CL,-37.6167,-73.65,50.92,93,17,5.99,few clouds
120,Half Moon Bay,US,37.4636,-122.4286,65.7,74,20,6.91,few clouds
121,Faanui,PF,-16.4833,-151.75,78.76,74,95,17.05,overcast clouds
122,Isangel,VU,-19.55,169.2667,77.99,71,98,11.61,overcast clouds
123,Sitka,US,57.0531,-135.33,53.49,37,75,10.36,broken clouds
124,Salur,IN,18.5333,83.2167,75.18,88,94,0.45,overcast clouds
125,Caravelas,BR,-17.7125,-39.2481,75.18,82,36,7.61,scattered clouds
126,Rock Springs,US,41.5875,-109.2029,43.05,71,90,12.66,overcast clouds
127,Esteli,NI,13.0919,-86.3538,66.97,92,97,3.71,overcast clouds
128,Saurimo,AO,-9.6608,20.3916,63.88,93,100,3.62,light rain
129,Niteroi,BR,-22.8833,-43.1036,71.58,98,90,5.75,light rain
130,Atar,MR,20.5169,-13.0499,80.6,20,0,5.17,clear sky
131,Los Llanos De Aridane,ES,28.6585,-17.9182,67.12,43,20,11.01,few clouds
132,Buala,SB,-8.145,159.5921,83.32,74,73,5.12,moderate rain
133,Port Hardy,CA,50.6996,-127.4199,51.98,50,1,13.8,clear sky
134,Port Lincoln,AU,-34.7333,135.8667,71.53,43,0,9.06,clear sky
135,Saint George,US,37.1041,-113.5841,74.95,31,1,1.01,clear sky
136,Amalapuram,IN,16.5833,82.0167,79.18,89,62,4.32,broken clouds
137,Tres Arroyos,AR,-38.3739,-60.2798,51.44,77,100,7.83,overcast clouds
138,Englewood,US,39.6478,-104.9878,49.17,72,90,1.01,overcast clouds
139,Biak,ID,-0.9131,122.8766,82.89,68,37,1.61,scattered clouds
140,Lakatoro,VU,-16.0999,167.4164,81.23,71,42,8.28,scattered clouds
141,Mayo,US,38.8876,-76.5119,60.78,72,75,3.0,broken clouds
142,Clyde River,CA,70.4692,-68.5914,19.15,85,100,7.43,overcast clouds
143,Kavieng,PG,-2.5744,150.7967,85.95,63,46,14.9,scattered clouds
144,Santa Isabel Do Rio Negro,BR,-0.4139,-65.0192,75.87,92,83,2.24,broken clouds
145,Gamba,GA,-2.65,10.0,76.01,89,100,7.58,light rain
146,Kruisfontein,ZA,-34.0033,24.7314,61.88,84,100,11.81,overcast clouds
147,Balakirevo,RU,56.5059,38.8432,37.99,89,7,8.25,clear sky
148,Saint-Philippe,RE,-21.3585,55.7679,68.22,86,74,11.05,broken clouds
149,Filadelfia,US,39.9523,-75.1638,60.3,74,75,5.99,broken clouds
150,Tigil,RU,57.8,158.6667,20.75,84,100,12.5,light snow
151,Sidi Ali,DZ,36.0998,0.4206,67.06,74,34,14.79,scattered clouds
152,Moratuwa,LK,6.773,79.8816,77.02,89,100,10.92,overcast clouds
153,Cidreira,BR,-30.1811,-50.2056,67.87,88,9,21.27,clear sky
154,Airai,TL,-8.9266,125.4092,73.96,47,55,2.13,broken clouds
155,Erzin,TR,36.9559,36.2,61.32,66,94,8.59,overcast clouds
156,Marawi,PH,7.9986,124.2928,72.64,75,38,3.58,scattered clouds
157,Saldanha,ZA,-33.0117,17.9442,62.65,76,100,11.32,light rain
158,Khatanga,RU,71.9667,102.5,5.4,96,100,11.9,light snow
159,Namatanai,PG,-3.6667,152.4333,85.19,68,80,9.71,light rain
160,Karratha,AU,-20.7377,116.8463,77.56,53,6,9.69,clear sky
161,Lashio,MM,22.9333,97.75,64.56,92,29,0.38,scattered clouds
162,Wanlaweyn,SO,2.6185,44.8938,76.46,80,4,8.03,clear sky
163,Pangnirtung,CA,66.1451,-65.7125,27.19,97,100,4.18,snow
164,Kahului,US,20.8947,-156.47,87.06,66,40,10.36,scattered clouds
165,Nelson Bay,AU,-32.7167,152.15,74.28,55,100,1.99,overcast clouds
166,Rasulnagar,PK,32.3285,73.7814,62.83,57,0,6.85,clear sky
167,Kushmurun,KZ,52.4503,64.6311,44.17,82,100,13.89,overcast clouds
168,Nokaneng,BW,-19.6667,22.2667,79.74,14,0,3.56,clear sky
169,Sao Joao Da Barra,BR,-21.6403,-41.0511,70.9,94,100,19.24,overcast clouds
170,Bardiyah,LY,31.7561,25.0865,68.68,75,100,18.99,overcast clouds
171,Marsh Harbour,BS,26.5412,-77.0636,76.82,62,9,6.51,clear sky
172,Erpeli,RU,42.8058,46.9773,44.62,85,42,2.91,scattered clouds
173,Atbasar,KZ,51.8,68.3333,42.64,83,100,16.35,overcast clouds
174,Hithadhoo,MV,-0.6,73.0833,81.81,77,100,19.64,overcast clouds
175,Adrar,MR,20.5022,-10.0711,82.06,24,50,7.63,scattered clouds
176,Labytnangi,RU,66.6572,66.4183,5.13,84,60,6.67,broken clouds
177,Bilma,NE,18.6853,12.9164,76.87,23,6,12.03,clear sky
178,Salaya,IN,22.3167,69.6,76.86,56,2,4.36,clear sky
179,Torbay,CA,47.6666,-52.7314,45.57,92,90,19.57,overcast clouds
180,Broken Hill,AU,-31.95,141.4333,76.71,13,63,9.22,broken clouds
181,Grand Gaube,MU,-20.0064,57.6608,70.38,82,0,3.0,clear sky
182,Pekan,MY,3.4836,103.3996,77.11,86,70,4.97,light rain
183,Warrington,GB,53.3925,-2.5802,50.11,89,40,5.01,scattered clouds
184,Tonekabon,IR,36.8163,50.8738,58.95,80,34,1.5,scattered clouds
185,Jinxiang,CN,27.4327,120.6062,67.03,79,100,9.06,overcast clouds
186,Narsaq,GL,60.9167,-46.05,26.82,65,27,7.31,scattered clouds
187,Taldan,RU,53.6667,124.8,26.82,44,100,2.17,overcast clouds
188,Alyangula,AU,-13.8483,136.4192,89.47,62,50,12.66,scattered clouds
189,Joshimath,IN,30.5667,79.5667,48.29,38,0,4.38,clear sky
190,Marienburg,PL,54.0359,19.0266,50.95,78,49,11.07,scattered clouds
191,Pathein,MM,16.7833,94.7333,77.74,89,100,2.57,overcast clouds
192,Chicama,PE,-7.8447,-79.1469,59.54,74,18,5.19,few clouds
193,Rawson,AR,-43.3002,-65.1023,47.5,74,33,12.46,scattered clouds
194,Isla Mujeres,MX,21.2311,-86.731,76.41,61,5,9.46,clear sky
195,Castro,BR,-24.7911,-50.0119,58.69,98,97,6.85,overcast clouds
196,Toora-Khem,RU,52.4675,96.11,28.67,92,100,0.83,overcast clouds
197,Lompoc,US,34.6391,-120.4579,66.02,76,1,8.05,clear sky
198,Kupang,ID,-10.1667,123.5833,86.58,70,20,3.44,few clouds
199,Takoradi,GH,4.8845,-1.7554,78.03,87,100,11.21,overcast clouds
200,Aswan,EG,24.0934,32.907,80.87,33,98,7.92,overcast clouds
201,Atasu,KZ,48.6814,71.6433,38.43,79,100,12.62,overcast clouds
202,Sept-Iles,CA,50.2001,-66.3821,48.72,96,90,11.99,overcast clouds
203,Leningradskiy,RU,69.3833,178.4167,-1.91,87,99,12.68,overcast clouds
204,Rabo De Peixe,PT,37.8,-25.5833,72.28,93,75,10.36,broken clouds
205,Eyl,SO,7.9803,49.8164,77.23,80,15,11.54,few clouds
206,Qaanaaq,GL,77.484,-69.3632,16.7,71,100,8.72,overcast clouds
207,Te Anau,NZ,-45.4167,167.7167,54.48,69,100,7.74,overcast clouds
208,Hirado,JP,33.3597,129.5531,72.39,51,100,9.6,overcast clouds
209,Manyana,BW,-23.4,21.7167,72.28,27,0,6.8,clear sky
210,Providencia,MX,28.7167,-111.5833,83.21,49,0,5.01,clear sky
211,Pontal Do Parana,BR,-25.6533,-48.5128,70.74,96,100,3.29,overcast clouds
212,Longyearbyen,SJ,78.2186,15.6401,31.84,80,40,20.71,scattered clouds
213,Atuona,PF,-9.8,-139.0333,78.66,73,0,17.36,clear sky
214,Kaitangata,NZ,-46.2817,169.8464,64.24,43,84,11.01,broken clouds
215,Joura,IN,26.3411,77.8115,66.42,49,0,3.85,clear sky
216,Korla,CN,41.7597,86.1469,45.05,31,8,3.83,clear sky
217,Boyolangu,ID,-8.1181,111.8935,80.74,80,100,4.99,light rain
218,Olinda,BR,-8.0089,-34.8553,80.33,74,40,6.91,scattered clouds
219,Honiara,SB,-9.4333,159.95,85.59,69,94,4.45,overcast clouds
220,Tiksi,RU,71.6872,128.8694,11.88,83,100,11.36,overcast clouds
221,Merauke,ID,-8.4667,140.3333,85.41,71,46,10.69,scattered clouds
222,Dubbo,AU,-32.25,148.6167,64.53,59,100,8.05,overcast clouds
223,Bambous Virieux,MU,-20.3428,57.7575,70.21,88,40,5.75,scattered clouds
224,Russell,US,32.3502,-85.1999,58.23,87,1,0.0,clear sky
225,San Blas,MX,21.5167,-105.2667,78.4,82,0,3.11,clear sky
226,Jiuquan,CN,39.7432,98.5174,41.88,36,14,3.94,few clouds
227,Lavrentiya,RU,65.5833,-171.0,13.46,78,100,10.2,overcast clouds
228,Kokkola,FI,63.8385,23.1307,47.03,90,90,8.05,overcast clouds
229,Maumere,ID,-8.6199,122.2111,85.73,66,64,2.91,broken clouds
230,Bubaque,GW,11.2833,-15.8333,82.87,75,82,10.45,broken clouds
231,Sioux Lookout,CA,50.1001,-91.917,34.18,93,90,5.75,light shower snow
232,Haines Junction,CA,60.7522,-137.5108,40.95,42,99,3.44,overcast clouds
233,Lorengau,PG,-2.0226,147.2712,81.01,85,100,11.7,overcast clouds
234,Itoman,JP,26.1247,127.6694,77.02,73,20,10.36,few clouds
235,Havoysund,NO,70.9963,24.6622,38.28,86,93,16.67,overcast clouds
236,Waipawa,NZ,-41.4122,175.5153,61.3,68,78,3.24,broken clouds
237,Teknaf,BD,20.8624,92.3058,75.54,86,93,4.34,overcast clouds
238,Barrow,US,71.2906,-156.7887,26.62,93,90,16.11,overcast clouds
239,Komsomolskiy,UZ,40.4272,71.7189,42.22,70,8,9.22,clear sky
240,Lata,PT,40.1629,-8.3327,63.05,97,100,3.76,overcast clouds
241,Sikandarpur,IN,26.05,84.05,66.83,61,0,0.58,clear sky
242,Kavaratti,IN,10.5669,72.642,81.1,79,81,6.87,broken clouds
243,Sao Filipe,CV,14.8961,-24.4956,79.39,78,99,6.46,overcast clouds
244,Guerrero Negro,MX,27.9769,-114.0611,65.16,81,1,11.83,clear sky
245,Pokhara,NP,28.2333,83.9833,59.18,76,86,3.22,overcast clouds
246,Presque Isle,US,46.6811,-68.0159,55.83,90,90,1.01,overcast clouds
247,Susehri,TR,40.1644,38.0867,48.52,86,14,4.18,few clouds
248,Vasterhaninge,SE,59.1167,18.1,47.84,90,100,8.61,overcast clouds
249,Khakhea,BW,-24.6895,23.494,70.68,22,0,8.05,clear sky
250,Caraballeda,VE,10.6112,-66.8522,81.37,76,100,9.22,overcast clouds
251,Krishnarajpet,IN,12.655,76.4883,66.87,96,99,4.72,overcast clouds
252,Sabang,ID,5.8933,95.3214,81.34,75,77,6.87,broken clouds
253,Kindu,CD,-2.95,25.95,68.65,100,100,0.49,moderate rain
254,Tuatapere,NZ,-46.1333,167.6833,55.31,70,97,10.65,overcast clouds
255,Lamego,PT,41.0974,-7.8099,53.55,95,100,4.72,light rain
256,Uthai Thani,TH,15.3833,99.55,76.26,91,99,3.83,overcast clouds
257,Porto Novo,BJ,6.4965,2.6036,75.02,87,100,9.04,overcast clouds
258,Nuevitas,CU,21.5453,-77.2644,78.24,77,100,6.51,overcast clouds
259,Hirara,JP,24.8,125.2833,79.07,65,20,8.05,few clouds
260,Prince Rupert,CA,54.3161,-130.3201,55.09,47,10,14.97,clear sky
261,Shache,CN,38.4167,77.2406,44.04,36,9,6.04,clear sky
262,Talnakh,RU,69.4865,88.3972,-13.2,98,81,4.65,broken clouds
263,Axim,GH,4.8699,-2.2405,77.7,86,100,10.4,light rain
264,Ketchikan,US,55.3422,-131.6461,46.87,76,1,0.0,clear sky
265,Aklavik,CA,68.2191,-135.0107,34.52,87,100,9.8,overcast clouds
266,Bezhetsk,RU,57.7851,36.6965,37.98,92,16,8.43,few clouds
267,Bonthe,SL,7.5264,-12.505,75.52,92,100,2.46,overcast clouds
268,Cao Bang,VN,22.6667,106.25,65.3,98,100,1.63,overcast clouds
269,Portland,US,45.5234,-122.6762,59.59,42,20,1.01,few clouds
270,Dobryatino,RU,55.5055,41.3195,38.62,86,9,8.43,clear sky
271,Batagay-Alyta,RU,67.8006,130.4114,2.97,87,100,3.83,overcast clouds
272,Qinhuangdao,CN,39.9317,119.5883,47.8,47,7,1.16,clear sky
273,Gawler,AU,-34.6,138.7333,80.26,27,0,3.56,clear sky
274,Ancud,CL,-41.8697,-73.8203,60.33,82,0,7.78,clear sky
275,Bend,US,44.0582,-121.3153,40.86,83,90,1.01,overcast clouds
276,Vicksburg,US,32.3526,-90.8779,64.9,82,1,0.0,clear sky
277,Lady Frere,ZA,-31.7031,27.2329,62.33,42,36,5.12,scattered clouds
278,Umba,RU,66.6871,34.3429,34.63,97,100,13.69,overcast clouds
279,Yoichi,JP,43.2039,140.7703,57.61,76,98,10.22,overcast clouds
280,Siva,EG,29.2041,25.5195,68.95,49,34,7.47,scattered clouds
281,Severo-Kurilsk,RU,50.6789,156.125,36.05,58,80,25.23,light rain
282,Kodiak,US,57.79,-152.4072,42.28,90,100,8.63,overcast clouds
283,Rocha,UY,-34.4833,-54.3333,61.39,99,89,4.16,overcast clouds
284,Nyurba,RU,63.2842,118.3319,16.12,85,100,6.73,overcast clouds
285,Vostok,RU,46.4856,135.8833,39.0,60,6,1.68,clear sky
286,San Angelo,US,31.4638,-100.437,71.98,44,1,3.0,clear sky
287,Mahibadhoo,MV,3.7833,72.9667,83.5,71,14,20.58,few clouds
288,Westport,US,41.1415,-73.3579,60.98,89,40,7.0,scattered clouds
289,Ribas Do Rio Pardo,BR,-20.4431,-53.7592,70.48,93,2,8.86,clear sky
290,Saint-Raphael,HT,19.4333,-72.2,70.97,93,63,3.13,broken clouds
291,Pemba,MZ,-12.974,40.5178,77.7,94,20,12.66,few clouds
292,Padang,ID,-0.9492,100.3543,76.8,89,100,2.66,overcast clouds
293,Gat,IL,31.61,34.7642,79.48,40,100,7.74,overcast clouds
294,Hasaki,JP,35.7333,140.8333,63.28,73,100,5.7,overcast clouds
295,Coquimbo,CL,-29.9533,-71.3436,58.73,82,75,6.91,broken clouds
296,Manokwari,ID,-0.8667,134.0833,80.55,78,100,4.45,overcast clouds
297,Ewa Beach,US,21.3156,-158.0072,82.35,61,20,10.0,few clouds
298,Harper,LR,4.375,-7.7169,77.45,87,96,7.9,overcast clouds
299,Ilheus,BR,-14.7889,-39.0494,80.42,78,40,9.22,scattered clouds
300,Vestmannaeyjar,IS,63.4427,-20.2734,38.08,69,17,25.5,few clouds
301,Kalmunai,LK,7.4167,81.8167,79.3,88,40,6.29,scattered clouds
302,Oum Hadjer,TD,13.2954,19.6966,81.23,22,51,8.19,broken clouds
303,Kardasova Recice,CZ,49.1848,14.8532,45.66,94,0,11.12,clear sky
304,Miandrivazo,MG,-19.5167,45.4667,72.19,78,0,2.06,clear sky
305,Morant Bay,JM,17.8815,-76.4093,83.82,83,16,6.2,few clouds
306,Ostrovnoy,RU,68.0531,39.5131,33.55,88,100,16.69,overcast clouds
307,Anadyr,RU,64.75,177.4833,-5.01,76,66,15.01,broken clouds
308,Shingu,JP,33.7333,135.9833,67.19,64,47,3.91,scattered clouds
309,Vardo,NO,70.3705,31.1107,37.9,75,94,23.31,overcast clouds
310,Touros,BR,-5.1989,-35.4608,81.5,77,14,14.94,few clouds
311,Dembi Dolo,ET,8.5333,34.8,56.37,66,71,6.04,broken clouds
312,Marrakesh,MA,31.6315,-8.0083,62.67,67,18,4.61,few clouds
313,Cabo San Lucas,MX,22.8909,-109.9124,83.05,75,40,5.99,scattered clouds
314,Warrnambool,AU,-38.3833,142.4833,59.14,70,7,3.22,clear sky
315,Beyla,GN,8.6833,-8.6333,67.73,88,100,0.92,light rain
316,Vera Cruz,BR,-12.6333,-41.0333,72.86,71,32,8.9,scattered clouds
317,Sorland,NO,67.667,12.6934,48.27,89,81,22.21,broken clouds
318,Qinzhou,CN,21.95,108.6167,67.57,88,100,7.56,overcast clouds
319,Palana,RU,59.1167,159.9667,14.25,86,96,9.6,light snow
320,San Isidro,PE,-12.1167,-77.05,69.01,81,20,1.01,few clouds
321,Turukhansk,RU,65.8167,87.9833,5.25,97,95,3.4,overcast clouds
322,Caconda,AO,-13.7333,15.0667,65.97,70,100,3.0,overcast clouds
323,Dudinka,RU,69.4058,86.1778,-9.83,100,94,5.66,overcast clouds
324,Camana,PE,-16.6228,-72.7111,65.46,83,0,5.86,clear sky
325,Chuy,UY,-33.6971,-53.4616,63.7,97,95,8.01,overcast clouds
326,Mount Gambier,AU,-37.8333,140.7667,64.31,48,5,6.91,clear sky
327,Rio Gallegos,AR,-51.6226,-69.2181,51.85,43,0,31.07,clear sky
328,Port-Cartier,CA,50.0334,-66.8654,48.42,95,100,20.18,overcast clouds
329,Olafsvik,IS,64.8945,-23.7142,34.86,71,22,17.31,few clouds
330,Kilakarai,IN,9.2333,78.7833,76.96,89,100,14.03,overcast clouds
331,Alofi,NU,-19.0595,-169.9187,80.49,69,28,14.97,scattered clouds
332,Ulaanbaatar,MN,47.9077,106.8832,33.93,51,75,17.9,broken clouds
333,Monte Alegre De Sergipe,BR,-10.0272,-37.5622,72.45,83,100,8.86,overcast clouds
334,San Cristobal,VE,7.7669,-72.225,69.98,98,99,0.94,overcast clouds
335,Huarmey,PE,-10.0681,-78.1522,65.16,81,8,8.1,clear sky
336,Williston,US,48.147,-103.618,35.04,53,6,1.01,clear sky
337,Kandrian,PG,-6.2167,149.55,85.91,69,96,11.18,light rain
338,Puerto Madryn,AR,-42.7692,-65.0385,50.45,72,100,8.61,overcast clouds
339,Crawfordsville,US,40.0411,-86.8745,50.02,76,1,0.0,clear sky
340,Roebourne,AU,-20.7833,117.1333,77.72,52,0,8.32,clear sky
341,Sarankhola,BD,22.3082,89.7897,68.65,77,15,4.63,few clouds
342,Chiredzi,ZW,-21.05,31.6667,67.87,72,0,5.32,clear sky
343,Cheremukhovo,RU,60.3484,59.9851,23.61,95,100,7.34,snow
344,Ziro,IN,27.6333,93.8333,47.14,90,21,2.91,few clouds
345,Potosi,BO,-19.5836,-65.7531,45.28,68,100,4.56,overcast clouds
346,Houma,US,29.5958,-90.7195,66.2,80,1,4.61,clear sky
347,Waru,ID,-7.0468,112.4048,78.76,63,100,2.57,overcast clouds
348,Bokovskaya,RU,49.229,41.8306,38.71,89,0,5.48,clear sky
349,Ko Samui,TH,9.5357,99.9357,82.24,77,100,8.79,overcast clouds
350,Aripuana,BR,-9.1667,-60.6333,76.95,80,89,1.59,overcast clouds
351,Tautira,PF,-17.7333,-149.15,84.22,73,18,13.49,few clouds
352,Mahebourg,MU,-20.4081,57.7,70.25,88,40,5.75,scattered clouds
353,Ust-Omchug,RU,61.15,149.6333,-7.33,95,33,1.83,scattered clouds
354,Svetlyy,RU,54.675,20.1347,42.85,68,68,12.8,broken clouds
355,Cayenne,GF,4.9333,-52.3333,81.09,83,75,5.01,broken clouds
356,Kvarkeno,RU,52.0833,59.725,42.76,91,100,14.9,overcast clouds
357,Lima,PE,-12.0432,-77.0282,67.89,76,20,12.66,few clouds
358,Maracacume,BR,-2.0428,-45.9592,73.76,97,100,2.98,overcast clouds
359,Ahipara,NZ,-35.1667,173.1667,60.94,64,98,14.43,overcast clouds
360,Manjacaze,MZ,-24.7117,33.8828,63.46,95,0,1.72,clear sky
361,Guangyuan,CN,32.442,105.823,58.5,96,100,1.28,overcast clouds
362,Manta,EC,-0.95,-80.7333,74.98,83,90,10.36,overcast clouds
363,Severnoye,RU,56.3491,78.3619,19.94,85,100,6.04,overcast clouds
364,Am Timan,TD,11.0297,20.2827,76.57,36,92,0.85,overcast clouds
365,Sakakah,SA,29.9697,40.2064,72.97,30,100,7.99,overcast clouds
366,Atherton,GB,53.5237,-2.4935,49.55,89,91,4.0,overcast clouds
367,Umm Lajj,SA,25.0213,37.2685,83.25,52,57,1.34,broken clouds
368,Doha,QA,25.2867,51.5333,78.78,80,0,9.22,clear sky
369,Kadiri,IN,14.1167,78.1667,70.45,92,99,2.06,overcast clouds
370,Kieta,PG,-6.2167,155.6333,83.71,73,100,3.76,light rain
371,Barbosa Ferraz,BR,-24.03,-52.0117,71.89,95,5,3.65,clear sky
372,Shimoda,JP,34.6667,138.95,64.76,72,100,9.1,overcast clouds
373,Bunia,CD,1.5667,30.25,61.75,91,87,2.04,light rain
374,Tower,IE,51.9167,-8.6,47.25,76,40,14.97,scattered clouds
375,Verkhovazhye,RU,60.7472,42.0465,38.75,97,100,4.05,overcast clouds
376,Acarau,BR,-2.8856,-40.12,80.19,79,34,14.07,scattered clouds
377,Laguna,US,38.421,-121.4238,67.06,60,1,1.99,clear sky
378,Pacific Grove,US,36.6177,-121.9166,63.61,77,40,1.01,scattered clouds
379,Cururupu,BR,-1.8283,-44.8683,75.94,93,91,4.29,overcast clouds
380,Znamenskoye,RU,57.1281,73.8282,23.13,94,100,5.03,light snow
381,Ardmore,US,34.1743,-97.1436,64.65,64,1,1.01,clear sky
382,Aykhal,RU,66.0,111.5,3.7,94,100,21.07,overcast clouds
383,Bara,NG,10.3744,10.7288,74.84,30,98,2.19,overcast clouds
384,Belyy Yar,RU,53.6039,91.3903,37.29,59,0,13.42,clear sky
385,Gravdal,NO,68.1214,13.5031,48.09,87,90,10.36,light intensity drizzle
386,Ngunguru,NZ,-35.6167,174.5,61.5,62,98,10.09,overcast clouds
387,Fort-Shevchenko,KZ,44.5086,50.263,52.43,55,97,14.23,overcast clouds
388,Wufeng,CN,27.45,104.8333,44.38,97,100,2.24,overcast clouds
389,Svetlaya,RU,46.5389,138.3297,41.04,86,100,7.18,overcast clouds
390,Juruti,BR,-2.1522,-56.0922,77.65,81,99,0.87,overcast clouds
391,Emerald,AU,-23.5333,148.1667,77.14,57,90,13.8,overcast clouds
392,Nipawin,CA,53.3668,-104.0009,32.04,74,90,9.22,overcast clouds
393,Amot,NO,59.5714,7.9877,43.75,98,100,8.32,light rain
394,Kajaani,FI,64.2273,27.7285,42.85,100,90,5.75,overcast clouds
395,Pitimbu,BR,-7.4706,-34.8086,79.39,76,100,11.1,overcast clouds
396,Shieli,KZ,44.1667,66.75,40.26,70,24,4.92,few clouds
397,Gao,ML,16.6362,1.637,82.35,15,12,10.2,few clouds
398,Isla Vista,US,34.4133,-119.861,66.56,79,90,9.22,haze
399,Sangar,RU,63.9242,127.4739,7.39,92,100,7.54,overcast clouds
400,Dicabisagan,PH,17.0818,122.4157,80.28,75,98,8.63,overcast clouds
401,Constitucion,CL,-35.3333,-72.4167,51.53,91,73,2.86,broken clouds
402,Pisco,PE,-13.7,-76.2167,62.65,82,0,16.11,clear sky
403,Bournemouth,GB,50.7205,-1.8795,52.86,78,34,1.99,scattered clouds
404,Dzhebariki-Khaya,RU,62.2167,135.8,9.81,83,100,2.71,overcast clouds
405,Chara,RU,56.9064,118.2631,22.86,70,16,1.5,few clouds
406,Tual,ID,-5.6667,132.75,84.24,70,72,5.7,broken clouds
407,Yarim,YE,14.298,44.3779,47.64,68,6,6.29,clear sky
408,Shumskiy,RU,54.8318,99.1328,35.17,70,100,3.0,overcast clouds
409,Ransang,PH,8.9603,117.5828,83.61,72,100,6.42,overcast clouds
410,Lagos,NG,6.5833,3.75,75.52,90,100,6.51,overcast clouds
411,Cam Ranh,VN,11.9214,109.1591,78.76,89,20,4.61,few clouds
412,Ossora,RU,59.2353,163.0719,10.92,79,13,11.39,few clouds
413,Apricena,IT,41.7839,15.4437,55.22,74,100,4.99,overcast clouds
414,Zapolyarnyy,RU,69.4154,30.8136,24.08,96,94,4.27,overcast clouds
415,Kumluca,TR,36.3703,30.2869,64.99,86,92,4.99,overcast clouds
416,Port Lavaca,US,28.615,-96.6261,71.22,71,1,5.75,clear sky
417,Aden,YE,12.7794,45.0367,82.31,69,0,19.06,clear sky
418,Enshi,CN,30.3,109.4833,57.24,95,100,1.01,overcast clouds
419,Benguela,AO,-12.5763,13.4055,72.91,79,73,2.26,broken clouds
420,San Ramon,US,37.7799,-121.978,64.63,69,1,1.01,clear sky
421,Plettenberg Bay,ZA,-34.0527,23.3716,61.74,88,57,12.71,broken clouds
422,Glossa,GR,35.4717,23.7763,65.08,85,85,8.97,overcast clouds
423,Andenes,NO,69.3143,16.1194,44.58,81,100,11.5,overcast clouds
424,Bulgan,MN,48.8125,103.5347,32.67,52,100,2.89,overcast clouds
425,Cochrane,CA,51.1834,-114.4687,33.44,54,1,9.22,clear sky
426,Yokadouma,CM,3.5167,15.05,68.29,99,99,1.77,moderate rain
427,Tairua,NZ,-37.0167,175.85,69.1,59,81,3.24,broken clouds
428,Karanganyar,ID,-6.7072,111.0834,85.41,67,93,3.15,overcast clouds
429,Beringovskiy,RU,63.05,179.3167,6.82,89,73,12.64,broken clouds
430,La Asuncion,VE,11.0333,-63.8628,80.33,83,98,11.5,overcast clouds
431,Oranjemund,NA,-28.55,16.4333,61.54,73,100,8.93,overcast clouds
432,Riyadh,SA,24.6877,46.7219,66.34,28,0,3.67,clear sky
433,Taltal,CL,-25.4,-70.4833,61.63,80,0,6.15,clear sky
434,Contamana,PE,-7.3333,-75.0167,79.03,69,25,2.75,scattered clouds
435,Qasigiannguit,GL,68.8193,-51.1922,32.25,93,100,8.72,overcast clouds
436,Shakawe,BW,-18.3667,21.85,75.52,20,0,4.63,clear sky
437,Launceston,AU,-41.45,147.1667,63.61,60,75,7.0,broken clouds
438,Atlantic City,US,39.3643,-74.4229,61.99,77,20,9.22,few clouds
439,Nome,US,64.5011,-165.4064,26.67,63,1,8.05,clear sky
440,Omsukchan,RU,62.5333,155.8,-6.83,90,47,3.27,scattered clouds
441,Tornio,FI,65.8481,24.1466,42.82,98,100,6.06,overcast clouds
442,Paamiut,GL,61.994,-49.6678,31.53,72,99,8.14,overcast clouds
443,West Wendover,US,40.7391,-114.0733,58.21,58,1,4.61,clear sky
444,Yaan,NG,7.3833,8.5667,74.88,85,63,5.46,broken clouds
445,Sur,OM,22.5667,59.5289,81.25,52,0,8.97,clear sky
446,Jumla,NP,29.2747,82.1838,41.31,60,0,4.14,clear sky
447,Calvinia,ZA,-31.4707,19.776,51.58,83,100,9.89,overcast clouds
448,Mindelo,CV,16.8901,-24.9804,78.35,73,90,14.97,overcast clouds
449,Praia Da Vitoria,PT,38.7333,-27.0667,70.05,88,75,3.8,broken clouds
450,Itainopolis,BR,-7.4469,-41.4783,84.56,42,91,3.58,overcast clouds
451,Sterling,US,39.0062,-77.4286,58.44,76,20,14.0,few clouds
452,Mitsamiouli,KM,-11.3847,43.2844,78.39,79,4,11.25,clear sky
453,Sorong,ID,-0.8833,131.25,83.46,73,63,5.73,broken clouds
454,Terrace,CA,54.5163,-128.6035,44.51,52,20,19.57,few clouds
455,Novoasbest,RU,57.7422,60.2877,39.61,92,100,10.96,overcast clouds
456,Agnibilekrou,CI,7.1344,-3.2047,70.93,96,100,3.87,overcast clouds
457,Sisophon,KH,13.5859,102.9737,79.92,86,100,6.24,overcast clouds
458,Bacabal,BR,-4.2917,-44.7917,79.41,77,99,4.83,overcast clouds
459,Kunya,NG,12.2233,8.5325,60.96,77,0,4.61,clear sky
460,Galdar,ES,28.147,-15.6502,67.69,72,6,11.48,clear sky
461,Dunedin,NZ,-45.8742,170.5036,61.81,50,16,5.01,few clouds
462,Suslovo,RU,56.2167,88.1167,21.34,85,100,14.25,overcast clouds
463,Bahia Blanca,AR,-38.7196,-62.2724,53.56,78,100,9.71,overcast clouds
464,Vilhena,BR,-12.7406,-60.1458,68.58,95,100,1.86,overcast clouds
465,Port Augusta,AU,-32.5,137.7667,77.14,16,100,5.53,overcast clouds
466,Manicore,BR,-5.8092,-61.3003,78.85,75,57,2.57,broken clouds
467,Dali,CN,25.7,100.1833,55.89,77,1,2.37,clear sky
468,Enugu,NG,6.4402,7.4943,73.26,97,95,5.97,overcast clouds
469,Coracora,PE,-15.0333,-73.7833,51.08,58,100,2.91,overcast clouds
470,Labuhan,ID,-6.8844,112.2051,84.87,67,100,3.11,overcast clouds
471,Nioki,CD,-2.7167,17.6833,69.66,99,100,2.46,light rain
472,Lekoni,GA,-1.5843,14.2591,71.38,93,100,5.41,overcast clouds
473,Trincomalee,LK,8.5711,81.2335,80.49,84,16,9.17,few clouds
474,Makurdi,NG,7.7411,8.5121,75.83,83,96,3.74,overcast clouds
475,Bengkulu,ID,-3.8004,102.2655,78.3,82,100,3.47,overcast clouds
476,Moba,CN,33.2288,105.0179,43.14,89,100,2.59,overcast clouds
477,Itatskiy,RU,56.07,89.0369,22.08,90,100,14.27,light snow
478,Whitianga,NZ,-36.8333,175.7,64.81,57,75,1.88,broken clouds
479,Muvattupula,IN,9.9667,76.5833,76.68,95,100,2.06,overcast clouds
480,Hambantota,LK,6.1241,81.1185,75.54,100,40,0.0,scattered clouds
481,Sistranda,NO,63.7256,8.834,48.9,73,100,30.49,overcast clouds
482,Pula,HR,44.8683,13.8481,58.06,82,75,2.3,broken clouds
483,Slave Lake,CA,55.2834,-114.769,31.98,74,1,0.0,clear sky
484,Juneau,US,58.3019,-134.4197,42.85,94,90,0.0,fog
485,Saint-Jean-De-Braye,FR,47.913,1.9771,49.03,91,0,11.5,clear sky
486,Kuytun,RU,54.3419,101.5036,30.29,92,100,3.27,light snow
487,Saint-Pierre,RE,-21.3393,55.4781,68.29,73,0,5.75,clear sky
488,Hay River,CA,60.8156,-115.7999,33.78,69,75,5.75,broken clouds
489,Potanino,RU,55.1786,61.6222,44.83,76,75,11.18,broken clouds
490,Santa Cruz,BO,-17.8,-63.1667,83.66,70,75,5.75,broken clouds
491,Dingle,PH,10.9995,122.6711,82.22,79,94,14.12,overcast clouds
492,Kabalo,CD,-6.05,26.9167,69.33,97,100,0.87,overcast clouds
493,Espanola,US,35.9911,-106.0806,63.34,49,99,8.61,overcast clouds
494,Borogontsy,RU,62.6683,131.1683,11.43,91,100,6.13,light snow
495,Lumeje,AO,-11.55,20.7833,65.46,93,100,3.96,overcast clouds
496,Gacko,BA,43.1672,18.5353,28.53,88,0,2.71,clear sky
497,Sechura,PE,-5.5569,-80.8222,67.84,68,15,13.65,few clouds
498,Baykit,RU,61.67,96.37,20.01,96,100,3.33,light snow
499,Itarema,BR,-2.9248,-39.9167,80.35,78,29,13.42,scattered clouds
500,Petropavlovsk-Kamchatskiy,RU,53.0452,158.6483,32.59,47,40,4.47,scattered clouds
501,Mehamn,NO,71.0357,27.8492,32.16,84,100,13.51,overcast clouds
502,Aykino,RU,62.2248,49.9922,33.87,98,100,5.79,overcast clouds
503,Christchurch,NZ,-43.5333,172.6333,62.47,60,15,8.99,few clouds
504,Monkey Bay,MW,-14.0728,34.9201,80.78,59,4,2.89,clear sky
505,Bhaderwah,IN,32.9784,75.7186,46.08,53,100,3.65,overcast clouds
506,Vilyuysk,RU,63.7553,121.6247,12.22,90,100,5.7,overcast clouds
507,Makasar,ID,-5.14,119.4221,83.93,66,97,3.24,overcast clouds
508,Uray,RU,60.1247,64.7758,20.66,95,100,10.27,light snow
509,Nachingwea,TZ,-10.3833,38.7667,70.32,88,40,6.6,scattered clouds
510,Ambon,ID,-3.6954,128.1814,84.34,79,20,1.14,few clouds
511,Ust-Maya,RU,60.4167,134.5333,13.55,93,100,5.97,light snow
512,Teeli,RU,51.0333,90.2333,28.85,61,21,5.86,few clouds
513,Meulaboh,ID,4.1363,96.1285,77.38,84,100,3.31,overcast clouds
514,Ishikawa,JP,26.4233,127.8214,76.96,83,40,5.75,scattered clouds
515,Tazovskiy,RU,67.4667,78.7,-3.75,95,30,9.89,scattered clouds
516,Shenjiamen,CN,29.9576,122.298,66.96,58,65,8.5,light rain
517,Fomboni,KM,-12.28,43.7425,79.34,81,1,15.37,clear sky
518,Nishihara,JP,26.1842,127.7558,76.28,77,75,5.75,broken clouds
519,Mbandaka,CD,0.0487,18.2603,69.37,96,100,2.8,overcast clouds
520,Mancio Lima,BR,-7.6142,-72.8958,77.16,80,13,2.06,few clouds
521,Akyab,MM,20.15,92.9,76.71,84,93,5.26,overcast clouds
522,Surin,TH,14.8818,103.4936,81.91,99,42,6.44,scattered clouds
523,Vigrestad,NO,58.5667,5.7,52.0,79,100,20.54,light rain
524,Bandarbeyla,SO,9.4942,50.8122,77.7,77,88,10.67,overcast clouds
525,Maltahohe,NA,-24.8333,16.9833,56.98,28,0,12.37,clear sky
526,Abalak,RU,58.1286,68.5944,24.57,96,100,6.87,snow
527,Sergeyevka,KZ,53.88,67.4158,41.68,93,100,13.56,overcast clouds
528,Kizhinga,RU,51.8462,109.9097,30.9,67,100,1.99,overcast clouds
529,Katobu,ID,-4.9408,122.5276,86.49,64,7,2.51,clear sky
530,Salina,US,38.8403,-97.6114,47.17,62,61,1.99,broken clouds
531,Inirida,CO,3.8653,-67.9239,74.64,96,100,2.93,overcast clouds
532,Manzhouli,CN,49.6,117.4333,30.22,40,10,6.85,clear sky
533,General Roca,AR,-39.0333,-67.5833,55.8,47,100,8.66,overcast clouds
534,Bonavista,CA,48.6499,-53.1147,45.12,91,98,13.8,overcast clouds
535,Totton,GB,50.9188,-1.4904,53.02,85,18,4.0,few clouds
536,Kathmandu,NP,27.7167,85.3167,59.22,88,75,3.44,broken clouds
537,Inuvik,CA,68.3499,-133.7218,34.56,67,75,6.91,broken clouds
538,Volchikha,RU,52.0333,80.3833,26.06,85,100,8.9,overcast clouds
539,Pozarevac,RS,44.6153,21.1825,53.62,74,0,11.16,clear sky
540,Blyth,GB,55.1271,-1.5086,46.29,89,40,3.44,scattered clouds
541,Dedovichi,RU,57.5517,29.9502,41.86,90,38,6.93,scattered clouds
542,Arequipa,PE,-16.3989,-71.535,59.07,38,0,3.44,clear sky
543,Kaeo,NZ,-35.1,173.7833,62.73,60,98,6.04,overcast clouds
544,Gazojak,TM,41.1875,61.4036,43.93,46,0,8.86,clear sky
545,Bud,US,39.447,-86.1758,53.24,85,1,10.58,clear sky
546,Tskneti,GE,41.6939,44.6937,40.5,80,100,1.23,overcast clouds
547,Klaksvik,FO,62.2266,-6.589,41.92,66,100,9.8,overcast clouds
548,Chernushka,RU,56.5072,56.0766,41.43,96,100,9.78,overcast clouds
549,Leh,IN,34.1667,77.5833,23.86,57,99,0.89,overcast clouds
550,Oktyabrskoye,RU,43.0645,44.7417,39.34,100,100,2.24,mist
551,Ormara,PK,25.2088,64.6357,79.38,33,1,14.25,clear sky
552,San Andres,CO,12.5847,-81.7006,78.82,89,75,12.66,broken clouds
553,Bambanglipuro,ID,-7.95,110.2833,78.62,86,100,2.26,overcast clouds
554,Chik,RU,54.9928,82.4311,22.75,80,90,8.95,light snow
555,Belomorsk,RU,64.5232,34.7668,39.94,94,100,5.7,overcast clouds
556,Evensk,RU,61.95,159.2333,3.2,75,26,8.75,scattered clouds
557,Japura,ID,-0.3167,102.35,76.33,91,100,2.91,overcast clouds
558,Tralee,IE,52.2704,-9.7026,48.52,81,38,17.18,scattered clouds
559,Saint Anthony,US,45.0205,-93.218,42.82,57,90,1.99,overcast clouds
560,Verkhoyansk,RU,67.5447,133.385,3.27,85,100,4.68,overcast clouds
561,Carlos Chagas,BR,-17.7031,-40.7664,70.77,92,92,8.93,overcast clouds
562,Rehoboth,NA,-23.3167,17.0833,62.37,23,0,9.89,clear sky
563,Midlothian,US,32.4824,-96.9945,73.94,45,1,4.0,clear sky
564,Sinnamary,GF,5.3833,-52.95,78.64,85,34,8.55,scattered clouds
565,Napier,NZ,-39.4833,176.9167,63.28,71,36,10.0,scattered clouds
566,Salalah,OM,17.0151,54.0924,71.69,60,0,4.61,clear sky
567,Mariestad,SE,58.7097,13.8237,49.37,89,100,17.02,overcast clouds
568,Villa Carlos Paz,AR,-31.4241,-64.4978,58.24,88,23,5.01,few clouds
569,Hibbing,US,47.4272,-92.9377,35.11,64,90,11.5,light snow
570,Camacha,PT,33.0833,-16.3333,69.53,88,40,9.22,scattered clouds
571,Xian,CN,34.2583,108.9286,50.81,56,99,3.42,overcast clouds
572,Maningrida,AU,-12.0667,134.2667,92.07,47,40,7.78,scattered clouds
573,Luanda,AO,-8.8368,13.2343,75.13,78,100,11.18,overcast clouds
574,Burnie,AU,-41.0667,145.9167,59.68,57,95,11.95,overcast clouds
575,Tommot,RU,58.9564,126.2925,28.26,85,99,2.86,overcast clouds
576,Semirom,IR,31.4167,51.5667,44.26,57,35,2.62,scattered clouds
577,Baie-Comeau,CA,49.2168,-68.1489,52.11,93,90,20.71,mist
578,Aquiraz,BR,-3.9014,-38.3911,81.18,81,47,12.1,scattered clouds
579,San Juan De Los Morros,VE,9.9115,-67.3538,72.09,92,100,1.32,overcast clouds
580,Moindou,NC,-21.6924,165.677,75.15,61,32,11.68,scattered clouds
581,Griffith,US,41.5284,-87.4237,49.1,62,1,1.99,clear sky
582,Flin Flon,CA,54.7682,-101.865,30.51,89,100,7.7,overcast clouds
583,Ayan,RU,56.45,138.1667,25.36,38,22,3.15,few clouds
584,Pafos,CY,34.7667,32.4167,73.31,49,100,2.3,overcast clouds
585,Aleppo,SY,36.25,37.5,62.42,64,45,8.99,scattered clouds
586,Ambilobe,MG,-13.2,49.05,71.73,93,14,3.31,few clouds
587,Okhotsk,RU,59.3833,143.3,10.81,65,15,14.88,few clouds
588,Beira,MZ,-19.8436,34.8389,71.82,80,22,4.09,few clouds
589,Fort Nelson,CA,58.8053,-122.7002,29.79,59,40,0.0,scattered clouds
590,Marsa Matruh,EG,31.3525,27.2453,68.2,56,0,10.36,clear sky
591,Oriximina,BR,-1.7656,-55.8661,78.66,77,90,3.51,overcast clouds
592,Kletskaya,RU,49.3145,43.0584,40.48,84,4,5.37,clear sky
593,Uhingen,DE,48.7048,9.5857,57.09,91,39,4.0,scattered clouds
594,Gornyy,RU,55.1153,83.9059,15.57,90,100,11.23,overcast clouds
595,Vila Franca Do Campo,PT,37.7167,-25.4333,73.2,94,99,8.21,overcast clouds
596,Laurel,US,39.0993,-76.8483,59.47,76,1,1.01,clear sky
597,Cockburn Town,TC,21.4612,-71.1419,80.56,74,40,2.3,scattered clouds
598,Strelka,RU,58.0728,93.0344,28.78,92,100,14.25,light snow
599,Bac Lieu,VN,9.285,105.7244,82.4,77,100,10.87,overcast clouds
600,Saint-Francois,FR,46.4154,3.9054,52.48,92,90,4.61,overcast clouds
601,Ilo,PE,-17.6394,-71.3375,63.79,83,3,4.65,clear sky
602,Beaverlodge,CA,55.2166,-119.4361,33.15,47,0,3.87,clear sky
603,Mandan,US,46.8267,-100.8896,39.18,58,1,8.05,clear sky
604,Pavilosta,LV,56.8879,21.1859,48.15,80,39,11.41,scattered clouds
605,Milkovo,RU,54.7167,158.6167,26.74,61,53,4.09,broken clouds
606,Kununurra,AU,-15.7667,128.7333,82.38,65,18,8.05,few clouds
607,Sarangani,PH,5.4033,125.4636,83.53,73,75,12.01,broken clouds
608,Kholodnyy,RU,62.7167,147.95,-11.15,95,76,0.63,broken clouds
609,Aleksandrovka,UA,46.8383,32.7612,43.18,92,0,6.11,clear sky
610,Tselinnoye,RU,53.0833,85.6667,25.65,86,100,13.47,overcast clouds
611,San Patricio,US,28.017,-97.5169,78.89,58,0,9.28,clear sky
612,Pasni,PK,25.2631,63.471,78.6,35,0,13.06,clear sky
613,Belaya Gora,RU,68.5333,146.4167,-5.78,99,71,3.4,broken clouds
614,Malpe,IN,13.35,74.7167,76.3,88,38,4.5,scattered clouds
615,Pareora,NZ,-44.4871,171.2132,63.18,58,54,15.55,broken clouds
616,Morro Bay,US,35.3658,-120.8499,68.88,77,100,3.0,overcast clouds
617,Yakeshi,CN,49.2833,120.7333,30.83,39,1,5.48,clear sky
618,Santa Fe,AR,-31.6333,-60.7,81.99,53,7,8.01,light rain
619,Vao,NC,-22.6667,167.4833,72.07,75,34,14.9,scattered clouds
620,Comodoro Rivadavia,AR,-45.8667,-67.5,48.06,76,40,13.8,scattered clouds
621,Chuncheng,CN,22.1731,111.7886,77.02,85,100,3.78,overcast clouds
622,Jiayuguan,CN,39.8167,98.3,40.1,34,28,3.69,scattered clouds
623,Mandla,IN,22.6,80.3833,56.91,62,5,3.06,clear sky
624,Barra Patuca,HN,15.8,-84.2833,79.63,71,95,10.56,overcast clouds
625,Maturin,VE,9.75,-63.1767,71.94,88,6,5.66,clear sky
626,Zeya,RU,53.75,127.2667,28.13,43,95,4.52,overcast clouds
627,Bontang,ID,0.1333,117.5,81.73,80,100,6.73,overcast clouds
628,Mackay,AU,-21.15,149.2,80.58,74,75,21.85,broken clouds
629,Carmen,MX,18.6333,-91.8333,76.6,68,11,10.25,few clouds
630,Zhob,PK,31.3411,69.4481,54.64,29,0,2.71,clear sky
631,Alice Springs,AU,-23.7,133.8833,71.15,56,75,4.61,broken clouds
632,Ekibastuz,KZ,51.6667,75.3667,34.92,77,100,9.75,overcast clouds
633,Fabrica,PH,13.49,123.294,84.9,63,16,6.93,few clouds
634,Lampa,CL,-33.2833,-70.9,64.63,67,0,11.5,clear sky
635,Jackson,US,42.4165,-122.8345,60.44,70,84,1.03,broken clouds
636,Nowa Sol,PL,51.8033,15.717,49.96,63,5,11.68,clear sky
637,Srednekolymsk,RU,67.45,153.6833,-4.79,96,35,5.12,scattered clouds
638,Nuevo Progreso,MX,23.1667,-97.95,79.59,66,100,1.01,overcast clouds
639,Punalur,IN,9.0,76.9333,78.48,94,100,2.48,overcast clouds
640,Carauari,BR,-4.8828,-66.8958,75.49,94,51,1.21,broken clouds
641,Santa Rita Do Sapucai,BR,-22.2522,-45.7033,65.08,99,100,2.44,overcast clouds
642,Esmeraldas,BR,-19.7625,-44.3139,69.04,97,100,2.3,overcast clouds
643,Paralimni,CY,35.0375,33.9833,72.09,78,80,4.0,broken clouds
644,Peniche,PT,39.3558,-9.3811,70.61,95,100,11.34,overcast clouds
645,Jacksonville,US,30.3322,-81.6556,60.8,76,20,4.61,few clouds
646,Namibe,AO,-15.1961,12.1522,64.06,78,17,7.87,few clouds
647,Murud,IN,18.3258,72.965,76.51,71,32,4.92,scattered clouds
648,Yumen,CN,40.2833,97.2,40.75,31,100,7.81,overcast clouds
649,La Romana,DO,18.4273,-68.9728,79.16,89,40,9.22,scattered clouds
650,Green Valley,US,31.8543,-110.9937,81.37,27,3,9.06,clear sky
651,Bereda,ES,43.2686,-7.5406,51.55,94,97,4.97,overcast clouds
652,Nhulunbuy,AU,-12.2333,136.7667,90.21,66,75,10.36,broken clouds
653,Port-Gentil,GA,-0.7193,8.7815,78.3,87,100,15.32,moderate rain
654,Oytal,KZ,42.9057,73.2697,41.79,72,96,2.24,overcast clouds
655,Rovenki,UA,48.0833,39.3776,39.79,92,0,8.43,clear sky
656,Kaffrine,SN,14.1059,-15.5508,84.09,44,19,5.93,few clouds
657,Kedrovyy,RU,56.1667,91.8167,32.41,93,100,14.16,light snow
658,Esperantina,BR,-3.9017,-42.2336,76.46,84,97,3.78,overcast clouds
659,Dongsheng,CN,39.8161,109.9776,37.47,40,0,6.15,clear sky
660,Deputatskiy,RU,69.3,139.9,-3.26,84,100,1.66,overcast clouds
661,Bom Jesus,BR,-9.0744,-44.3586,80.58,44,48,1.3,scattered clouds
662,Ilulissat,GL,69.2167,-51.1,32.02,93,75,13.8,light snow
663,Hualmay,PE,-11.0964,-77.6139,64.36,82,8,7.52,clear sky
664,Tukan,RU,53.8409,57.4552,36.23,97,100,5.1,overcast clouds
665,Elektrenai,LT,54.7667,24.6333,44.92,76,0,9.66,clear sky
666,Fujinomiya,JP,35.2167,138.6167,64.78,64,100,1.66,overcast clouds
667,Lagoa,PT,39.05,-27.9833,68.16,92,100,9.4,overcast clouds
668,Dalnerechensk,RU,45.9339,133.7225,40.21,54,34,5.17,scattered clouds
669,Beloha,MG,-25.1667,45.05,71.28,77,84,4.34,broken clouds
